Year,Biomass,DOM,Total Ecosystem
0,86175.78754262597,182257.27541401636,268433.06295664236
1,86691.06183475943,181657.7942575308,268348.85609229025
2,87206.84537126543,181133.14898368987,268339.99435495527
3,87723.4583053345,180673.3241430035,268396.782448338
4,88241.23912147785,180270.15013008416,268511.389251562
5,88760.53797605686,179916.90480939494,268677.44278545177
6,89281.71305589339,179608.0060440584,268889.7190999518
7,89805.1279524579,179338.7651261723,269143.8930786302
8,90331.14948302585,179105.22231787964,269436.3718009055
9,90860.14572166247,178904.02264675734,269764.1683684198
10,91392.4841218131,178732.29800326918,270124.7821250823
11,91876.0296624982,178587.12908942442,270463.1587519226
12,92363.77629403931,178465.9719789518,270829.7482729911
13,92856.07592958378,178367.0500821795,271223.1260117633
14,93353.27239029747,178288.8101105202,271642.08250081766
15,93855.6994088847,178229.8876833825,272085.5870922672
16,94363.67858233859,178189.07871610962,272552.7572984482
17,94877.51727790225,178165.31542006123,273042.8326979635
18,95397.5064996093,178157.64602266133,273555.1525222706
19,95923.91872570304,178165.21752270783,274089.13624841085
20,96457.00572983456,178187.26095236835,274644.26668220287
21,96929.68246091245,178222.51005555002,275152.19251646247
22,97409.60006885206,178269.80915269972,275679.4092215518
23,97896.93333287965,178328.66502640065,276225.59835928027
24,98391.82782930003,178398.61411820698,276790.441947507
25,98894.39793757483,178479.2181540263,277373.61609160114
26,99404.72494882968,178570.06024319908,277974.78519202874
27,99922.85530119679,178670.74146818893,278593.59676938574
28,100448.79896698441,178780.87796414294,279229.6769311273
29,100982.5280169124,178900.0984745513,279882.62649146374
30,101523.97538653796,179028.04235947813,280552.0177460161
31,102007.13060871862,179163.8015172122,281170.93212593085
32,102502.47788320764,179307.44671156298,281809.9245947706
33,103007.5288724921,179458.45942378812,282465.9882962802
34,103516.06972074808,179615.3871753496,283131.4568960977
35,104028.25915620058,179777.97341430446,283806.23257050506
36,104544.17399221318,179945.97806964588,284490.15206185903
37,105063.82487764952,180119.17356953982,285182.99844718934
38,105587.16609383041,180297.34208654708,285884.5081803775
39,106114.10219823425,180480.27369077047,286594.37588900473
40,106644.49289020746,180667.765157581,287312.2580477884
41,107133.28932678261,180860.61884200177,287993.9081687844
42,107633.4835058031,181058.60125518808,288692.08476099116
43,108140.60413374654,181261.07333914717,289401.67747289373
44,108643.33489405725,181465.68248399286,290109.01737805014
45,109142.17977226402,181672.29524164757,290814.4750139116
46,109637.53754893642,181880.8147760554,291518.35232499184
47,110129.73289482668,182091.17100417006,292220.90389899677
48,110619.03579497528,182303.31328363728,292922.3490786125
49,111105.67451340142,182517.20500500282,293622.87951840425
50,111589.84466236907,182732.81959685433,294322.6642592234
51,112036.75354730673,182954.2299355248,294990.98348283157
52,112481.12222335058,183176.66918594795,295657.7914092985
53,112923.21737941877,183400.15523637863,296323.3726157974
54,113363.19178899497,183624.71163795117,296987.90342694614
55,113801.17983714867,183850.36180556688,297651.5416427155
56,114237.30065022915,184077.12813846514,298314.42878869426
57,114671.66055223474,184305.03144777534,298976.6920000101
58,115104.35502033876,184534.09060372814,299638.44562406687
59,115535.47026137686,184764.32233937853,300299.79260075535
60,115965.08449707221,184995.74116508086,300960.8256621531
61,116288.53929566838,185232.8488046044,301521.3881002728
62,116611.05809604005,185469.37159183333,302080.42968787334
63,116932.67659616245,185705.46511198513,302638.1417081476
64,117253.42806103408,185941.26147516762,303194.6895362017
65,117573.34356293855,186176.87340409277,303750.21696703136
66,117892.45219116802,186412.3974750471,304304.84966621513
67,118210.78123590715,186647.9167106997,304858.6979466069
68,118528.35635013324,186883.50267307003,305411.85902320326
69,118845.20169271895,187119.2171680152,305964.41886073415
70,119161.34005538518,187355.11364532867,306516.4537007139
71,119379.52582918791,187597.95923662867,306977.48506581655
72,119597.3323528793,187839.32616971596,307436.65852259524
73,119814.76802841322,188079.3884302627,307894.1564586759
74,120031.84092871944,188318.29566666202,308350.1365953814
75,120248.55881670055,188556.1773192472,308804.7361359477
76,120464.92916279817,188793.1459107307,309258.07507352886
77,120680.95916126057,189029.29969169738,309710.2588529579
78,120896.65574522912,189264.72478642222,310161.3805316513
79,121112.02560074949,189499.4969484879,310611.5225492374
80,121327.07517980096,189733.68300919488,311060.7581889958
81,121454.7444090131,189975.525315924,311430.2697249371
82,121582.24703199629,190215.26050781048,311797.5075398068
83,121709.58536695107,190453.0641271372,312162.64949408825
84,121836.76167386127,190689.08843131142,312525.8501051727
85,121963.77815665584,190923.4663139021,312887.24447055795
86,122090.63696526444,191156.31442677113,313246.9513920355
87,122217.34019757433,191387.7356890029,313605.07588657725
88,122343.88990129344,191617.82132156106,313961.7112228545
89,122470.28807572574,191846.65251216755,314316.9405878933
90,122596.53667346385,192074.3017894683,314670.83846293215
91,122663.05234259824,192306.94824009025,314970.0005826885
92,122729.49343340927,192537.3980760864,315266.8915094957
93,122795.8604971741,192765.79428177304,315561.6547789471
94,122862.15407659093,192992.26192410916,315854.4160007001
95,122928.37470596816,193216.91111718843,316145.2858231566
96,122994.52291140758,193439.8393864143,316434.3622978219
97,123060.59921098239,193661.1335718034,316721.7327827858
98,123126.60411490954,193880.87137469722,317007.4754896068
99,123192.53812571724,194099.12262629028,317291.6607520075
100,123258.40173840735,194315.95033728261,317574.35207569
101,123265.67630349356,194548.1438250369,317813.8201285305
102,123272.90456117976,194777.59888041997,318050.5034415997
103,123280.08666496392,195004.4722634717,318284.55892843555
104,123287.22276607403,195228.90182315256,318516.12458922656
105,123294.3130134981,195451.0095803122,318745.3225938103
106,123301.35755401314,195670.9041930364,318972.2617470495
107,123308.35653221348,195888.68294671606,319197.03947892954
108,123315.31009053867,196104.43337547407,319419.74346601276
109,123322.2183693004,196318.23459528046,319640.45296458085
110,123329.0815067091,196530.1584096429,319859.239916352
111,123285.20019816098,196766.49695353463,320051.6971516956
112,123241.28215831498,196999.50992611877,320240.7920844338
113,123197.32736859415,197229.3710351944,320426.69840378856
114,123153.3358096353,197456.23400166343,320609.56981129874
115,123109.3074612887,197680.2357188382,320789.5431801269
116,123065.24230261765,197901.49879347192,320966.7410960896
117,123021.14031189817,198120.13360880874,321141.2739207069
118,122977.0014666184,198336.24001508576,321313.2414817042
119,122932.82574347804,198549.90872718926,321482.7344706673
120,122888.61311838744,198761.22249009984,321649.8356084873
121,122807.72723528271,198992.79865113113,321800.5258864138
122,122726.80385744151,199220.92574394285,321947.7296013844
123,122645.84290129573,199445.76084885455,322091.6037501503
124,122564.84428259534,199667.4441698994,322232.2884524947
125,122483.80791640318,199886.1015893375,322369.9095057407
126,122402.73371708968,200101.84673833058,322504.58045542025
127,122321.6215983275,200314.78269124663,322636.40428957413
128,122240.47147308612,200525.00336469288,322765.474837779
129,122159.28325362632,200732.5946828612,322891.8779364875
130,122078.05685149449,200937.6355562696,323015.69240776415
131,121964.1868867355,201165.15986887104,323129.34675560653
132,121850.268885981,201389.03528681025,323239.30417279125
133,121736.3027042022,201609.41618923235,323345.71889343456
134,121622.28819541665,201826.4408999689,323448.7290953855
135,121508.2252126798,202040.23407902193,323548.4592917017
136,121394.11360807571,202250.9086666489,323645.0222747246
137,121279.95323270821,202458.567478554,323738.5207112622
138,121165.74393669172,202663.304526654,323829.04846334574
139,121051.48556914183,202865.2061220789,323916.69169122074
140,120937.17797816596,203064.35180381633,324001.52978198224
141,120804.13149006478,203273.77782286837,324077.90931293316
142,120671.03028192092,203479.92552386748,324150.9558057884
143,120537.87417691607,203682.90742896523,324220.7816058813
144,120404.6629971177,203882.82560016174,324287.4885972794
145,120271.39656346891,204079.77310817497,324351.1696716439
146,120138.07469577766,204273.83523757785,324411.9099333555
147,120004.6972127062,204465.09048481428,324469.78769752046
148,119871.26393176033,204653.61139207988,324524.8753238402
149,119737.77466927835,204839.46524993144,324577.2399192098
150,119604.22924042007,205022.71469393896,324626.943934359
151,119475.20178351909,205192.09836118505,324667.3001447042
152,119346.12462025805,205359.4009160373,324705.5255362954
153,119216.99758527144,205524.64376761494,324741.6413528864
154,119087.82051218467,205687.84887643383,324775.6693886185
155,118958.59323360474,205849.0385202819,324807.63175388664
156,118829.31558111068,206008.23511835642,324837.55069946713
157,118699.987385244,206165.46109945653,324865.4484847005
158,118570.60847549902,206320.7388035893,324891.34727908834
159,118441.17868031294,206474.09040898774,324915.2690893007
160,118311.69782705596,206625.53787849823,324937.2357055542
161,118179.3736153156,206775.67134484887,324955.04496016447
162,118046.99380940686,206923.89758334382,324970.89139275067
163,117914.55820844631,207070.24059191346,324984.7988003598
164,117782.06661026416,207214.72371299713,324996.7903232613
165,117649.51881139209,207357.3696840613,325006.8884954534
166,117516.91460705074,207498.2006794574,325015.1152865081
167,117384.25379113731,207637.23834577273,325021.49213691003
168,117251.53615621265,207774.50383222286,325026.0399884355
169,117118.76149348862,207910.01781720054,325028.77931068913
170,116985.9295928149,208043.80053179158,325029.73012460646
171,116852.10434130128,208175.87316373107,325027.9775050323
172,116718.21817620147,208306.251376131,325024.4695523325
173,116584.27086044847,208434.9538169146,325019.22467736306
174,116450.2621553648,208561.99882894894,325012.26098431373
175,116316.19182064659,208687.40445480778,325003.5962754543
176,116182.05961434722,208811.18844141965,324993.24805576686
177,116047.86529286094,208933.36824475206,324981.233537613
178,115913.60861090606,209053.96103460118,324967.56964550726
179,115779.28932150821,209172.98369950728,324952.2730210155
180,115644.90717598314,209290.4528517859,324935.36002776906
181,115510.78755544212,209404.42207509116,324915.2096305333
182,115376.60604633063,209516.93887362472,324893.54491995537
183,115242.36239935637,209628.01393368805,324870.37633304443
184,115108.0563634792,209737.65821662464,324845.7145801039
185,114973.68768589341,209845.88290957303,324819.5705954664
186,114839.2561120094,209952.6993799132,324791.9554919226
187,114704.76138543535,210058.1191338741,324762.88051930943
188,114570.20324795836,210162.1537794145,324732.35702737287
189,114435.58143952582,210264.81499326797,324700.39643279376
190,114300.89569822594,210366.11449191172,324667.01019013766
191,114167.611224541,210464.66232592348,324632.2735504645
192,114034.2625926857,210561.9436089557,324596.2062016414
193,113900.84953314633,210657.9643337688,324558.8138669151
194,113767.37177444146,210752.73118469762,324520.10295913904
195,113633.8290431014,210846.2514050748,324480.08044817625
196,113500.22106364682,210938.5326892881,324438.7537529349
197,113366.54755856753,211029.5830942841,324396.13065285166
198,113232.80824830072,211119.41096654235,324352.21921484306
199,113099.00285120904,211208.02488144932,324307.0277326584
200,112965.13108355837,211295.4335926861,324260.5646762445
